gender,name.title,name.first,name.last,email,login.username,login.password,login.salt,login.md5,login.sha1,login.sha256,phone,picture.large,picture.medium,picture.thumbnail
male,mr,silas,dias,silas.dias@example.com,ticklishmeercat562,lambda,xL9LV9wZ,db066f39927125f15f118bf52ec1f454,2debb0d99c95b19c3ba037242a679efc777e5a33,c1e59582030520f54d24d67fcd5332c6e26cc9fb9b7e86103fcd8558126b3c0d,(30) 8086-6405,https://randomuser.me/api/portraits/men/75.jpg,https://randomuser.me/api/portraits/med/men/75.jpg,https://randomuser.me/api/portraits/thumb/men/75.jpg
male,mr,cesaltino,ramos,cesaltino.ramos@example.com,orangemouse345,apple123,E4bF6Z1L,6bdd10228c4c2ee213c200d2a6ed0bfa,57d411242ce7426b70af7c007ad7adcd44f67864,da260931baf13a44c5ba5c7904924fd8f7e7431606fb7651c423e7fd086f1d20,(24) 1712-5231,https://randomuser.me/api/portraits/men/4.jpg,https://randomuser.me/api/portraits/med/men/4.jpg,https://randomuser.me/api/portraits/thumb/men/4.jpg
male,mr,fulgêncio,fernandes,fulgêncio.fernandes@example.com,orangewolf336,keisha,o1sY76tZ,d66625a37d624ddc51ab84988a2679b3,af744271166427eb2c7d224d746256f221ca8249,3b6874cdd6c3bcc1e0a2ccf84eca0da73c752dc30f3a0b92d36a577ae78aafe6,(33) 1776-6929,https://randomuser.me/api/portraits/men/44.jpg,https://randomuser.me/api/portraits/med/men/44.jpg,https://randomuser.me/api/portraits/thumb/men/44.jpg
female,miss,sonja,da cruz,sonja.dacruz@example.com,ticklishbear556,willis,CPFWUcvC,ff46cc4e8e119cba449c13f733e10bc5,d0c2140e5ace5e92c2595db925b6e4f23b033699,126e573c202b65f91fd269ef6185afdd66fa43e1f6bb4820ecb44f01483c2755,(63) 1314-4313,https://randomuser.me/api/portraits/women/53.jpg,https://randomuser.me/api/portraits/med/women/53.jpg,https://randomuser.me/api/portraits/thumb/women/53.jpg
male,mr,estanislau,gonçalves,estanislau.gonçalves@example.com,yellowrabbit991,harvey,rUwNCxCC,dc38ded12758ed04fc18146bd97be462,67e64d79ae6c9bd02b209af95aff9581723dd20e,140aeebdea553046ae0d5860d9a75e1640009ff29ace0a218d2bdb9e1376a90a,(50) 7794-4698,https://randomuser.me/api/portraits/men/45.jpg,https://randomuser.me/api/portraits/med/men/45.jpg,https://randomuser.me/api/portraits/thumb/men/45.jpg
female,miss,marissol,duarte,marissol.duarte@example.com,lazytiger196,marc,f4xMVzV9,901a5c63042613bbb4bebbf0d6057b59,506a7ccd0257521a54e5b32348ff1b8d03614f73,eae57e5c944f551dd235897f7b4dd98aa935215218a38a0c513ef2a70a5d27e2,(76) 8059-2884,https://randomuser.me/api/portraits/women/14.jpg,https://randomuser.me/api/portraits/med/women/14.jpg,https://randomuser.me/api/portraits/thumb/women/14.jpg
male,mr,eric,duarte,eric.duarte@example.com,redelephant868,sally1,nDt1cbbO,a01c5a9ea41fcd59d23cfda1332e0a1e,3cf9987954566da811bac1a0b321f59eb23bb4b7,59b6d6db4d960d66dab9adf6220e4b410bc57523d927b0ab79c85bfdc5bd83af,(08) 3571-7207,https://randomuser.me/api/portraits/men/39.jpg,https://randomuser.me/api/portraits/med/men/39.jpg,https://randomuser.me/api/portraits/thumb/men/39.jpg
male,mr,charbel,barros,charbel.barros@example.com,whiteswan514,natasha,K1zIvGM2,e87ed35ed8b6445cb57a6081fafd954e,3ee46b60429f742416406d4f91586eeae284f524,9a2b6418e52670ac4ef4bdde2d29472e15caf540009aa59e0adee5728c2031f1,(83) 9514-5762,https://randomuser.me/api/portraits/men/98.jpg,https://randomuser.me/api/portraits/med/men/98.jpg,https://randomuser.me/api/portraits/thumb/men/98.jpg
female,miss,edinalva,da rosa,edinalva.darosa@example.com,goldenduck948,testing1,CRXL3NAa,b84fa03a86dd73dd6787e7b57de042b9,9a74fe41466330350138ffdb04269bc598d638dc,912b7935ebe48bce7f8586ffaea95449baf18d07f59933e3462ffeeae3cf3998,(42) 8436-6317,https://randomuser.me/api/portraits/women/56.jpg,https://randomuser.me/api/portraits/med/women/56.jpg,https://randomuser.me/api/portraits/thumb/women/56.jpg
female,mrs,marciele,cardoso,marciele.cardoso@example.com,crazyrabbit922,bobobo,o32u9jXF,448ac1126ed51498c61d1c7bcdeab1d2,efab9de4710618e8e7582a2f083fc5d1c07c1296,10a2650e581bd33457a63f5d805e67967b355cc5df24ea38bd2e6c877bf6bdc0,(76) 6433-3429,https://randomuser.me/api/portraits/women/13.jpg,https://randomuser.me/api/portraits/med/women/13.jpg,https://randomuser.me/api/portraits/thumb/women/13.jpg
male,mr,girão,jesus,girão.jesus@example.com,bigduck359,1230,6040GZh2,2bf76580a20b7b36e7f3c95ee1067e12,1308afdeb255e8d6d8bdd95ead518683d9d7429a,088b064a802049914b1727ebf227cb126ec3fc6dc7ef33d90f0f73f94459771e,(48) 0563-0578,https://randomuser.me/api/portraits/men/89.jpg,https://randomuser.me/api/portraits/med/men/89.jpg,https://randomuser.me/api/portraits/thumb/men/89.jpg
male,mr,magdo,lopes,magdo.lopes@example.com,bigbird273,pitchers,RA2tbqVV,7c06ace1a82dc23242cd0b595484619f,82c0b4801d81ecb0261dedc210d530ef2274580d,114f4c7b5db955095e8b9177e9dbf3c31c0d5c8ba1cd24fd1cf1d36840cadf82,(05) 4082-1018,https://randomuser.me/api/portraits/men/66.jpg,https://randomuser.me/api/portraits/med/men/66.jpg,https://randomuser.me/api/portraits/thumb/men/66.jpg
female,miss,dulcelina,caldeira,dulcelina.caldeira@example.com,redleopard263,stinks,Fu0CaBOV,c4f771f55a1e80aa403eb4efba3ccbce,887fa0367fd0cca3ff32cc216dc1c02c983f244f,9a0d57d0ce769651845bebfc2e63459c6a4a6cfb479903c96211cbb54f607e41,(48) 6613-4327,https://randomuser.me/api/portraits/women/36.jpg,https://randomuser.me/api/portraits/med/women/36.jpg,https://randomuser.me/api/portraits/thumb/women/36.jpg
male,mr,leopoldo,da luz,leopoldo.daluz@example.com,smallgoose314,chick,ySW7syCY,9388dea72673cf5e916e23088bea51aa,dc34493d7a2261b910fb0fe2082e42848eaf340b,cd44227fcbab419caf2e445846a931d97ebc82013fe35346924ae9174eb3173c,(20) 6160-2116,https://randomuser.me/api/portraits/men/64.jpg,https://randomuser.me/api/portraits/med/men/64.jpg,https://randomuser.me/api/portraits/thumb/men/64.jpg
female,ms,cleide,porto,cleide.porto@example.com,tinylion417,scotland,NTUmBKSA,dc4874f10169627f161e2b4b0d7f2c88,d281b4f5ee76191da6dc36245ebd12e5d8e33a2f,f757eceb6a187933d58f3369341c75328b48e6206a2a6f942125d66a318d2cbd,(91) 1301-3537,https://randomuser.me/api/portraits/women/17.jpg,https://randomuser.me/api/portraits/med/women/17.jpg,https://randomuser.me/api/portraits/thumb/women/17.jpg
female,miss,erotildes,da cruz,erotildes.dacruz@example.com,ticklishfrog176,surfing,FUfewAPn,40ef3499fccef1a22d3199c9e7d2113a,0f5892c20a0ad0158d96c9007ccf14aa40df6ecc,681734a1ad0a1ad7f13959aaa860836029df0d22677c5a014f916a439616d188,(24) 2659-2638,https://randomuser.me/api/portraits/women/0.jpg,https://randomuser.me/api/portraits/med/women/0.jpg,https://randomuser.me/api/portraits/thumb/women/0.jpg
male,mr,alvino,costa,alvino.costa@example.com,lazyfrog630,lloyd,CyNYieIW,c638c005aa5b98830078fa7a10777d78,f312371d6803fb00c37229c1927be3312e5dacf0,b1744faad83061a5222f0ef4a179bdc5e83330907138b40bb01784d947738358,(03) 5849-3558,https://randomuser.me/api/portraits/men/48.jpg,https://randomuser.me/api/portraits/med/men/48.jpg,https://randomuser.me/api/portraits/thumb/men/48.jpg
female,mrs,crispiana,de souza,crispiana.desouza@example.com,crazykoala348,loverboy,WItmrWwB,6df538d8a01ca7ce88509c6c15306822,77a035960f41613a2597255fa24296473d6a94c3,6490c1f6a5fbdc694d5ab431049cd8755ceb0b663afc178c6efc3f5c7cb15025,(96) 9546-0383,https://randomuser.me/api/portraits/women/38.jpg,https://randomuser.me/api/portraits/med/women/38.jpg,https://randomuser.me/api/portraits/thumb/women/38.jpg
female,mrs,oneida,dias,oneida.dias@example.com,purplelion580,nofear,lhEYo8ra,20bd84eb3e88accd247b4c3cde082d8e,94422882357f72b878560731bd8c0503062a99de,1be9b1500e9e4b0e63f849e6292cb36c1a1a4ceda7d622ac438ef5d222f90f66,(85) 3901-9243,https://randomuser.me/api/portraits/women/47.jpg,https://randomuser.me/api/portraits/med/women/47.jpg,https://randomuser.me/api/portraits/thumb/women/47.jpg
male,mr,bruce,gonçalves,bruce.gonçalves@example.com,bigcat848,tottenham,DOHWYli7,f6591f306f8a20594609bbbf4a25207c,8782b5a0e9817ccc940f01d150bc65f4214a8aa3,d8c2e749e4ccff4c0bd3d780c9d72a08f844f035a55dbf4fd229ef4997767df1,(06) 9116-1899,https://randomuser.me/api/portraits/men/85.jpg,https://randomuser.me/api/portraits/med/men/85.jpg,https://randomuser.me/api/portraits/thumb/men/85.jpg
male,mr,érico,cardoso,érico.cardoso@example.com,bluebird944,justice,sd8XjaPN,d6f4b9a66afc768518a403ca6ea35835,b22a4079b67c387703595197a7f9eb592b1ce26f,ae2c3b047d55da852c4405aa66518fbb44ae9b9651d92895d4d2d5968ffab61a,(58) 3941-3426,https://randomuser.me/api/portraits/men/18.jpg,https://randomuser.me/api/portraits/med/men/18.jpg,https://randomuser.me/api/portraits/thumb/men/18.jpg
female,miss,kelen,freitas,kelen.freitas@example.com,whitekoala141,nico,DQNJArO3,2844d2ef83d58835bbe9ec517eb8a21a,c343219ba624cdc153dcd14415dc7e9a649ac2f6,fa815b9e50d225fdd72b72aca724bfe1d624f277e23d77168f462cd1bda0d974,(21) 6957-1195,https://randomuser.me/api/portraits/women/30.jpg,https://randomuser.me/api/portraits/med/women/30.jpg,https://randomuser.me/api/portraits/thumb/women/30.jpg
female,ms,silviara,porto,silviara.porto@example.com,purpletiger995,beating,xGPliFxm,bcfdebb831ecc351512551d7779a7317,7e7b1f9729305a61ec783821335eb5208cc45aef,b769d421c87d3dde366df88263d82573bd8a0c68fa8824f1a2b63ff1798c19a8,(03) 6574-5417,https://randomuser.me/api/portraits/women/88.jpg,https://randomuser.me/api/portraits/med/women/88.jpg,https://randomuser.me/api/portraits/thumb/women/88.jpg
female,miss,marialda,araújo,marialda.araújo@example.com,goldenleopard442,screwyou,sAVSUpXf,2eb35efd69f7a8e52d45fea88f22be49,decf24bbfb92f73887f1f2a24e94b2bdde993933,dd23bed0e66cb15807ea84c78a1bc1413dc29a9264fa92a88e00d39b1bfb10bc,(46) 6325-1396,https://randomuser.me/api/portraits/women/68.jpg,https://randomuser.me/api/portraits/med/women/68.jpg,https://randomuser.me/api/portraits/thumb/women/68.jpg
male,mr,mimoso,carvalho,mimoso.carvalho@example.com,beautifulbutterfly715,disco,X6BN9evk,e98cbf58dc16c1de2258dd89ca87115b,b71595003657dca04c60b61cd92c1654699148cc,8c047832b8c339fe69328a11223b57fa2dd14cc6edaa58530cee6cbffe7bc811,(84) 3293-3281,https://randomuser.me/api/portraits/men/72.jpg,https://randomuser.me/api/portraits/med/men/72.jpg,https://randomuser.me/api/portraits/thumb/men/72.jpg
male,mr,jairo,oliveira,jairo.oliveira@example.com,beautifulduck864,beaver,4u5CCwjS,22c5686f688b1aba43fbd8d64c0c483b,15bb6fd50a2caed191c4ab7473274a6209263229,187133ca29fc8948f72377664057e9d594c7a3cd7abad2dbe2fe77e37a923858,(04) 5041-1451,https://randomuser.me/api/portraits/men/3.jpg,https://randomuser.me/api/portraits/med/men/3.jpg,https://randomuser.me/api/portraits/thumb/men/3.jpg
female,miss,lucinda,novaes,lucinda.novaes@example.com,beautifulbird913,cloud9,Eg7iYqQY,9d49aef4558646024ea5b90cd846cf88,3a3da31f6b1fdd307f4ef6433bd37c41136143dc,9d68ad0914b7700131b3bc3eca3e9576e449c6eb73b40d845844302d9b484b69,(87) 5331-9952,https://randomuser.me/api/portraits/women/30.jpg,https://randomuser.me/api/portraits/med/women/30.jpg,https://randomuser.me/api/portraits/thumb/women/30.jpg
female,ms,jaqueline,rodrigues,jaqueline.rodrigues@example.com,crazybutterfly692,lips,uN4QRwbp,09ba81adfec00721cb74db4cbbd429d3,c4caf02e14e5e376b80ecb26466b53570fe9e0b6,b202516641d716a62bb97a5d9cbe1551d540cba21d50d8ad50b3c27c588bf0f3,(09) 5807-3336,https://randomuser.me/api/portraits/women/18.jpg,https://randomuser.me/api/portraits/med/women/18.jpg,https://randomuser.me/api/portraits/thumb/women/18.jpg
male,mr,marcílio,monteiro,marcílio.monteiro@example.com,crazyrabbit125,vixen,T9tU2ZF6,563806b8e2b41fb435b7d24a9ad0940b,3ef1180bb274380d0b757c8ebccb5f8a20d3b986,c8975be5fe49787a3a8f8017c4342c0d0ce9f17265a22ab03d8253e8d99658d1,(67) 7923-4530,https://randomuser.me/api/portraits/men/57.jpg,https://randomuser.me/api/portraits/med/men/57.jpg,https://randomuser.me/api/portraits/thumb/men/57.jpg
male,mr,rói,nogueira,rói.nogueira@example.com,goldenpeacock810,digital,NUaoGRCj,449474ba54fe94e399fd23de82636460,db5b2efaa29245a05ff77be136864f7037e684a9,1dba1bd7409f026a21e90d5e1782df266b7fed7be4b438b62d5052ad2b525631,(95) 9388-3386,https://randomuser.me/api/portraits/men/10.jpg,https://randomuser.me/api/portraits/med/men/10.jpg,https://randomuser.me/api/portraits/thumb/men/10.jpg
male,mr,josefino,gonçalves,josefino.gonçalves@example.com,organicpeacock836,blaine,rcS4oU9Y,d24be2d98469ada8fd7eb8c2935ce6ab,4c248281ca9ce9e03797a5169123f03997ba0eb5,445a0ce0a431ea3a3bcde4228c1a41e8b8268da3797f1ff1c0980c7d65dc9925,(63) 1459-3599,https://randomuser.me/api/portraits/men/57.jpg,https://randomuser.me/api/portraits/med/men/57.jpg,https://randomuser.me/api/portraits/thumb/men/57.jpg
female,ms,edeolinda,souza,edeolinda.souza@example.com,heavyduck842,romano,phqBQmQy,423c26d61114b461955b506487aa10a9,32dc747dbaa310b128457948e947fd4e75bddb56,f753bf4f70ff18b15d5c516c902da9d3a0886799eb8ec6f2f1e38f9d55e54081,(69) 2894-5689,https://randomuser.me/api/portraits/women/42.jpg,https://randomuser.me/api/portraits/med/women/42.jpg,https://randomuser.me/api/portraits/thumb/women/42.jpg
female,miss,marinelza,da cunha,marinelza.dacunha@example.com,bluetiger340,hannibal,jU0jXjLW,c610ec773d2246062dbf6f91bbc5769f,a74e43118fa45b03fc8a407ec03a6198efaffa3a,8336da745fbf9165654e5d8dea96ccceb7cc287e0a43a6edc2c9b8831153b0ab,(05) 6334-0614,https://randomuser.me/api/portraits/women/82.jpg,https://randomuser.me/api/portraits/med/women/82.jpg,https://randomuser.me/api/portraits/thumb/women/82.jpg
male,mr,leonel,barros,leonel.barros@example.com,tinymeercat738,snatch,WaE0nELb,41c03e14cd0247b982222bb660803f02,2544ea94c452f35edf5fecb670d4db94de68e922,2720ee8489b82df44d875e80b29c148b1f694ba2ec43d19b9c1a827298d42f54,(12) 6706-1845,https://randomuser.me/api/portraits/men/72.jpg,https://randomuser.me/api/portraits/med/men/72.jpg,https://randomuser.me/api/portraits/thumb/men/72.jpg
male,mr,ivanoel,moura,ivanoel.moura@example.com,greenbear670,bauhaus,GMCZ6O0K,a3deb24a41093e5adb02caea27c8e20f,778a50ceb47b48dc0f114e97441947b45a1a187b,b629b7d3d60b5be1811badfb05669a3bd5d1871714858a1635159ed079e73745,(46) 6645-0873,https://randomuser.me/api/portraits/men/62.jpg,https://randomuser.me/api/portraits/med/men/62.jpg,https://randomuser.me/api/portraits/thumb/men/62.jpg
male,mr,murilo,santos,murilo.santos@example.com,yellowladybug412,cherokee,vGxVpeNv,5ac16bb794052a4cc8ec39e3ef137cf0,fc38ed10337145958fef20a88c42f62f439e2955,751221e65143fd77602c2d1b30b65e2d3477eaff09a884da45049acca5ce8b34,(05) 8082-4960,https://randomuser.me/api/portraits/men/40.jpg,https://randomuser.me/api/portraits/med/men/40.jpg,https://randomuser.me/api/portraits/thumb/men/40.jpg
female,mrs,cláudia,martins,cláudia.martins@example.com,blackmouse446,ricky1,KYM6SXBV,0ac18bb423efe8ff4eef9fa240dec540,b8188389cd324ef660946323911791f424e35537,b92fd3610a4478481182c89be716561f6ffd4ace9f2e3be16a013130ad0b5a72,(19) 4398-4584,https://randomuser.me/api/portraits/women/55.jpg,https://randomuser.me/api/portraits/med/women/55.jpg,https://randomuser.me/api/portraits/thumb/women/55.jpg
female,ms,rose,nascimento,rose.nascimento@example.com,goldendog241,654321,EFy515QL,80ff044316c8633688d57b6fb07e2c24,86e0a1b12931a4efd30da6f181fce2fd4471d274,e5df0974139701cf19332904b15a7e07cfe618036b3cabc6dad93d62e540638d,(94) 3179-9980,https://randomuser.me/api/portraits/women/24.jpg,https://randomuser.me/api/portraits/med/women/24.jpg,https://randomuser.me/api/portraits/thumb/women/24.jpg
female,ms,graciele,teixeira,graciele.teixeira@example.com,purpletiger430,belly,rAqOiKm8,e51764095cfb339d14cfef61b85a2d7e,f298584d25a1bf70e00a784a2684fdf478394e8b,dcf473427e15d684243e93a9c0061449bfcfa32f99ec825201cca4b752b4bee2,(23) 1908-9514,https://randomuser.me/api/portraits/women/58.jpg,https://randomuser.me/api/portraits/med/women/58.jpg,https://randomuser.me/api/portraits/thumb/women/58.jpg
male,mr,david,viana,david.viana@example.com,beautifulbear620,yummy,covZxswv,6cf99821c0280552651c8ea048c9c0c9,b01f2e46aef25fe547c33a2216195da3156e63dc,d659a444b1ccb61459f9490e67caf9004347ab36f98d40adc38c6bfcc8b7ece0,(32) 6594-4789,https://randomuser.me/api/portraits/men/21.jpg,https://randomuser.me/api/portraits/med/men/21.jpg,https://randomuser.me/api/portraits/thumb/men/21.jpg
male,mr,alder,ramos,alder.ramos@example.com,orangerabbit170,boris,5b2OjKNF,049471e77411c660ebda29c094bc8419,6bb865595ed5de36ca75d74e7d25506a4ca2c78c,0c7f675cb0a648ce1d5540d5b2ab3efaf01f9df0c3d2e9a61ff9a8b0d3b218e3,(03) 1114-6974,https://randomuser.me/api/portraits/men/56.jpg,https://randomuser.me/api/portraits/med/men/56.jpg,https://randomuser.me/api/portraits/thumb/men/56.jpg
female,miss,zilma,da mata,zilma.damata@example.com,yellowgorilla985,cars,HQeInox6,1dc6d0139450f70b4e1e0b3967118aa2,64a8f8834773f6e09e22b7ce9db3c7e56d7f034a,31c51df0feb590dd2a9e1a6ef56034ac67ece0a4194c3f9437b634827278dc95,(87) 8686-6969,https://randomuser.me/api/portraits/women/69.jpg,https://randomuser.me/api/portraits/med/women/69.jpg,https://randomuser.me/api/portraits/thumb/women/69.jpg
female,miss,júnia,moreira,júnia.moreira@example.com,yellowgoose897,earth,cdeEtGLI,7430f5420a8a3d3faaabd726ee9028f0,26c1dcd13eb5e0054202b14c8fa83d7463c0f66f,9bcf8dff7cd46f47002af5e4d3a0a78ff1c41cf8efd462b88e0f16bc7282fa44,(83) 2369-4472,https://randomuser.me/api/portraits/women/12.jpg,https://randomuser.me/api/portraits/med/women/12.jpg,https://randomuser.me/api/portraits/thumb/women/12.jpg
female,ms,sulene,aragão,sulene.aragão@example.com,tinyelephant554,bowl,zzFVFqa9,7e72e024522de12c2ade8d66a26bb3d1,2d2dc3c747c698499f37b7bde35305e90edd9e38,1150dd2c029a012c714abf083071c656af3566145b71c8792e3cddf3784b5ec0,(64) 1160-3284,https://randomuser.me/api/portraits/women/77.jpg,https://randomuser.me/api/portraits/med/women/77.jpg,https://randomuser.me/api/portraits/thumb/women/77.jpg
female,mrs,line,freitas,line.freitas@example.com,beautifulleopard347,chocha,stkRKOeX,08444eda303af4c0ff35e63899f80624,1943e4b8f3b1429eca08e52f42e809f3e5d3ce69,458e64e79b4eb2bfec28171e5bc18d9cf8a19bd2928e390ca09a43cc2a575534,(19) 5571-6951,https://randomuser.me/api/portraits/women/95.jpg,https://randomuser.me/api/portraits/med/women/95.jpg,https://randomuser.me/api/portraits/thumb/women/95.jpg
male,mr,abdias,farias,abdias.farias@example.com,goldenladybug615,redskin,P9Q3o0Tz,646405a0323f5a6c6392e5ce8e22ece6,1e4c69e1f149522dbd9980791041619e98b5cf9f,951c763ac4dd9c203bfa9cfe1b38227036fe8e8d66c287302462cb5d584259c0,(91) 3162-1166,https://randomuser.me/api/portraits/men/71.jpg,https://randomuser.me/api/portraits/med/men/71.jpg,https://randomuser.me/api/portraits/thumb/men/71.jpg
male,mr,jabim,monteiro,jabim.monteiro@example.com,ticklishgorilla199,murray,nzPo6rKy,54573284cf2c13f3535720a847011441,12d842a784f6a81affea03b186d602395636076f,0ef6e4d3efe87de9bbc52eb12fa35f1f34a6e850e6e051b1a3785a6600064264,(54) 2402-3060,https://randomuser.me/api/portraits/men/38.jpg,https://randomuser.me/api/portraits/med/men/38.jpg,https://randomuser.me/api/portraits/thumb/men/38.jpg
female,mrs,cícera,da mota,cícera.damota@example.com,beautifulfrog829,poiu,qpXVwLKk,3d3c4e13778bf13126b75c9e6fe976f4,1090080f68a6cf25b1aa0b25d42884f1aecc2de4,ac48eae7c5444a93a0608d9d9d0e49c40b0b3e97950718e032222896da14e427,(47) 3384-6850,https://randomuser.me/api/portraits/women/64.jpg,https://randomuser.me/api/portraits/med/women/64.jpg,https://randomuser.me/api/portraits/thumb/women/64.jpg
male,mr,nazário,mendes,nazário.mendes@example.com,goldensnake904,ramrod,EzX9Juop,e76ab6a9533e8f5e48e7868592c320b6,b19c2980a0fcc903b511f47aba59a53c5c944a23,dc37fce46d15c0dbad3c80004af85179d2729dc3793f2258c62ba671dc68f794,(55) 7427-3640,https://randomuser.me/api/portraits/men/33.jpg,https://randomuser.me/api/portraits/med/men/33.jpg,https://randomuser.me/api/portraits/thumb/men/33.jpg
male,mr,adalberto,costa,adalberto.costa@example.com,purpleleopard500,dublin,sTM3sGuE,3d54ae2558b55ad68ceb632f63cdedd1,659914661a7e643e50447e3fdf84df7fdad765b1,044706e4ccafe3711a476968e2de10eaf1456679b4348452884cf7d5b0ad35e3,(80) 2936-0215,https://randomuser.me/api/portraits/men/77.jpg,https://randomuser.me/api/portraits/med/men/77.jpg,https://randomuser.me/api/portraits/thumb/men/77.jpg
female,ms,marilda,da mota,marilda.damota@example.com,greenrabbit874,sigma,pIQVLfyu,48815b13e05ce38dc5b66dfeeb868d6e,d276c3d13d92e60094630ae6d36595607246b376,a358f197855e4dc5af6d6192f4586bd695091eab4bf26b0fad3ca5c1cedc596e,(67) 2188-9133,https://randomuser.me/api/portraits/women/58.jpg,https://randomuser.me/api/portraits/med/women/58.jpg,https://randomuser.me/api/portraits/thumb/women/58.jpg
male,mr,gersão,campos,gersão.campos@example.com,organicelephant831,porter,x3S2HrWB,75f770e224d07bc6bc78338646f0e06d,dfcf9dca962143d0ccea5a432cd53d2ec8b04b1f,bd88de805ae779df40e64a7df0848486af37e44b82309a239594b4c833cef4a1,(33) 8672-0591,https://randomuser.me/api/portraits/men/57.jpg,https://randomuser.me/api/portraits/med/men/57.jpg,https://randomuser.me/api/portraits/thumb/men/57.jpg
male,mr,alder,teixeira,alder.teixeira@example.com,greengoose932,walmart,ZNPdBCmz,e10e3ddb746c26926cfcd005fc3fc590,c0c7e71c2b06d3ec90f9b0b6cbdeb061b06196b9,ebd602924fbd23f7df67a8f37bdd98e475adfb557c689ff6440721f3021b095a,(92) 3238-1568,https://randomuser.me/api/portraits/men/99.jpg,https://randomuser.me/api/portraits/med/men/99.jpg,https://randomuser.me/api/portraits/thumb/men/99.jpg
male,mr,enio,lima,enio.lima@example.com,lazydog692,scxakv,Y62Er5iQ,c6ee0a66b5f8848c5493928bd4dcd858,35979a3a885a69318ac3bc664e93acec7728ab3a,c7a682c659ac93fd742e11048d2dbcc23ef9c9f407f9ca6a6bce8606f4a5bce1,(80) 1099-1592,https://randomuser.me/api/portraits/men/44.jpg,https://randomuser.me/api/portraits/med/men/44.jpg,https://randomuser.me/api/portraits/thumb/men/44.jpg
male,mr,herculano,moura,herculano.moura@example.com,whitegorilla137,hayley,0F3lkDfo,287d587ef07f7aed3e30550e6c64bce2,69bb76064145bf1a497935d964f32c2de1ff5757,7a644043252e803178e343e6d71136f6f23efe4b4020afac0cd22447ff4da519,(64) 2001-9733,https://randomuser.me/api/portraits/men/22.jpg,https://randomuser.me/api/portraits/med/men/22.jpg,https://randomuser.me/api/portraits/thumb/men/22.jpg
female,miss,tâmara,duarte,tâmara.duarte@example.com,blueleopard179,ttttt,9KrfwuU3,4a0dbaeaed9acad79b94cd3c5126b035,b63cb4bf137fbffa12cf54b3cb229b74a75e6b8b,81655ebdbac53776790633a2ad7a8f9abc338e4168a9d38fbcae1201a0ce4db7,(48) 9190-4105,https://randomuser.me/api/portraits/women/64.jpg,https://randomuser.me/api/portraits/med/women/64.jpg,https://randomuser.me/api/portraits/thumb/women/64.jpg
female,ms,davina,jesus,davina.jesus@example.com,lazytiger957,gary,8m3wcTL7,6332a15ef8a5921d01cbcf58a813fe7d,441a8057124677952b29233597292eea62a25136,7892559be0296ec40671eb53c1eda146c3ea15e4bd094b09db2c196564cbfb00,(71) 0199-6401,https://randomuser.me/api/portraits/women/54.jpg,https://randomuser.me/api/portraits/med/women/54.jpg,https://randomuser.me/api/portraits/thumb/women/54.jpg
female,ms,loraci,ribeiro,loraci.ribeiro@example.com,redgorilla259,harris,6HxwW1em,da87f12a533e2dd27cb46d3d591a8d90,6c02c54d4de35b8084c411427b058fbb7cca39cd,e9c75b9cf7e5ff3b95c86621ed0a14b6c516ecff168de023fade45f91bcdecde,(48) 9887-1162,https://randomuser.me/api/portraits/women/24.jpg,https://randomuser.me/api/portraits/med/women/24.jpg,https://randomuser.me/api/portraits/thumb/women/24.jpg
female,miss,petúnia,rodrigues,petúnia.rodrigues@example.com,crazyswan979,skiing,u8wcbida,48e34bdad2348e3728147981d99eb4b8,70a8e895a4d32d98c4b3b3fc4e88c311498d28d2,d6c7643f8de41b24c2629706e1a286f251b40c59f1cf1d5add5829f939c5a4c9,(71) 6530-2389,https://randomuser.me/api/portraits/women/40.jpg,https://randomuser.me/api/portraits/med/women/40.jpg,https://randomuser.me/api/portraits/thumb/women/40.jpg
male,mr,râdamas,da cruz,râdamas.dacruz@example.com,orangelion476,nutmeg,hEo4AfAa,99a527b428df9f1d84bacc15ff672172,bc640e86a1dcf4c2cd95dbcbf081b210f19129ac,931b93eb08b9ca66b077e0d5c7ef661bbf60fd0f8da19ba083e662c1e2bb6b29,(65) 1817-2171,https://randomuser.me/api/portraits/men/40.jpg,https://randomuser.me/api/portraits/med/men/40.jpg,https://randomuser.me/api/portraits/thumb/men/40.jpg
female,mrs,rosalina,campos,rosalina.campos@example.com,greenswan267,thesims,gETcUcdV,08e03db9b2d7cef306f5c8e18e638389,674301c8e1b0de91dd0c17228fdd9644260b7ab2,b0f73311966998bbb582c60d9d97ee3f0d7f5d30fcc88008fbbd539e4a9f343f,(38) 4962-3921,https://randomuser.me/api/portraits/women/22.jpg,https://randomuser.me/api/portraits/med/women/22.jpg,https://randomuser.me/api/portraits/thumb/women/22.jpg
female,miss,umelina,carvalho,umelina.carvalho@example.com,silverostrich910,dakota1,zwZQnqmk,6732647fe3a68808bb34a3fc3e5b295a,94092264ea2e2a954a3ece055a731999b69d51d6,f46e7174550e877772f59e9ecfb036c4be8ee4e79c4e7bf2811169c23b5292f8,(15) 8184-3299,https://randomuser.me/api/portraits/women/85.jpg,https://randomuser.me/api/portraits/med/women/85.jpg,https://randomuser.me/api/portraits/thumb/women/85.jpg
male,mr,gerberto,viana,gerberto.viana@example.com,orangeswan567,maxxxx,bP3Bexz0,926d23b5b3bf41f9932e7982eb38c658,55e11d49bc1259aaf40ae9d397664e4f75d19852,3648e3031797f6cced2aa603f85eb53c241b55cb0ef7ed2e9b6805cd4942a08f,(27) 5606-2405,https://randomuser.me/api/portraits/men/59.jpg,https://randomuser.me/api/portraits/med/men/59.jpg,https://randomuser.me/api/portraits/thumb/men/59.jpg
female,miss,clarinda,viana,clarinda.viana@example.com,crazyrabbit731,iloveu,ZiU6CmXn,9f67f7b8fea91ecfecb804dc8ca93aeb,e3193f4e439fd9841f74139ff22123b2c4a7ef57,17351c88eb1a8345fc36b3af87a65e0f5890052e6c30e1992ad190e7aed513b9,(22) 7052-8752,https://randomuser.me/api/portraits/women/48.jpg,https://randomuser.me/api/portraits/med/women/48.jpg,https://randomuser.me/api/portraits/thumb/women/48.jpg
female,miss,lucimeri,silveira,lucimeri.silveira@example.com,ticklishpanda683,waters,kirI3DBK,cfc39e27e31932333b5221720f1baa0d,5e207e198636aaa6efcf37f3c33550a0601abce8,5a26a453b601ff0a47d1b08ea526e4f16983eb043409ff5ce84d91a6518182fc,(67) 5508-3154,https://randomuser.me/api/portraits/women/31.jpg,https://randomuser.me/api/portraits/med/women/31.jpg,https://randomuser.me/api/portraits/thumb/women/31.jpg
female,miss,alice,nunes,alice.nunes@example.com,heavygorilla320,soul,nahVTCiO,9c7e91bbde8677385b649d5fe56e94db,f8b2d387acfc84c19ca7776c3f7a5cbbcc74c8a7,02196d8b4ed4ce18c184c380e376181cba2011cb3b51686a4bc292d7c0c65d29,(56) 7922-8401,https://randomuser.me/api/portraits/women/24.jpg,https://randomuser.me/api/portraits/med/women/24.jpg,https://randomuser.me/api/portraits/thumb/women/24.jpg
male,mr,franco,ferreira,franco.ferreira@example.com,heavysnake142,checkers,a9ZPIS9G,a390dc19930ac42488be59e08009ab08,ec2fd8ef6db62124ece5d51aff4e478f7cc57d77,7bdd23d31f025d4afe8bc79eced0e6c94a8d6437bd8745006050c4e86d2a334c,(71) 9521-8537,https://randomuser.me/api/portraits/men/11.jpg,https://randomuser.me/api/portraits/med/men/11.jpg,https://randomuser.me/api/portraits/thumb/men/11.jpg
female,miss,loiva,silva,loiva.silva@example.com,whitepanda517,someone,rkVeXADU,28fe571211bfeadb76ba154d6838a985,7aa2a7827d7d4d4ab6dc806f4e4a304abbc5681b,9bd3f7779851c641a1df603f143451455749e2fde4852d42f95a7da9443ba1b8,(18) 4558-5127,https://randomuser.me/api/portraits/women/31.jpg,https://randomuser.me/api/portraits/med/women/31.jpg,https://randomuser.me/api/portraits/thumb/women/31.jpg
female,mrs,ofélia,da rocha,ofélia.darocha@example.com,yellowgorilla285,sunday,rU77dMtR,975ddb679d0fc463b230683da24450eb,f47da845827edcab95be15a38eaacaf0da89913e,9114ee7925267101897d709078a2494ed37bec2bbee256db42d37844861d5e04,(87) 0924-4115,https://randomuser.me/api/portraits/women/15.jpg,https://randomuser.me/api/portraits/med/women/15.jpg,https://randomuser.me/api/portraits/thumb/women/15.jpg
female,miss,genésia,nunes,genésia.nunes@example.com,goldenmouse749,tsunami,KSr3EihX,35ee72f6ee1fbcf13b266d999c999df2,3bb938884aeed3ff99fa3e065df8de4ae538b5a7,7c5d008e5aa9ec1f3544c77c8e525caa755c89481495790985b8734da35ee828,(00) 4775-4242,https://randomuser.me/api/portraits/women/60.jpg,https://randomuser.me/api/portraits/med/women/60.jpg,https://randomuser.me/api/portraits/thumb/women/60.jpg
male,mr,igor,porto,igor.porto@example.com,redswan135,pancake,84ChB2t5,f3e18f57c030f259e9218862dd3c5b66,ea3c9f8c10fa00de973536d828482728b21e94c8,06f4d31d68615d87b5a84db76d293e4a355d7ca7f99e35b05d1f87406528ae71,(22) 5980-6897,https://randomuser.me/api/portraits/men/99.jpg,https://randomuser.me/api/portraits/med/men/99.jpg,https://randomuser.me/api/portraits/thumb/men/99.jpg
female,mrs,mira,da luz,mira.daluz@example.com,smalllion214,redbull,sIeg5iiG,2b0226620abff897a22e662f9ec5ed8e,1bd8de997bac2a72d2227788aa953f8589e3d611,349d639ef1659db0d11f1f5725e946988eb9f4a2b6bc7f0891dfebf45b42d5bf,(73) 3229-9627,https://randomuser.me/api/portraits/women/14.jpg,https://randomuser.me/api/portraits/med/women/14.jpg,https://randomuser.me/api/portraits/thumb/women/14.jpg
female,ms,giliane,rodrigues,giliane.rodrigues@example.com,organicbear182,obiwan,iN9kZnmf,70af13dd5ccf1f135bdd55578a226f34,d921c3fd5af751bc0cfe13822d5902afe63998f3,8805bb0d05a83f41018081f5bcd38c2adff614245254600c3422e18bfe7a20e5,(63) 1239-3521,https://randomuser.me/api/portraits/women/92.jpg,https://randomuser.me/api/portraits/med/women/92.jpg,https://randomuser.me/api/portraits/thumb/women/92.jpg
female,mrs,bruna,alves,bruna.alves@example.com,redgoose767,foxy,zn53JoKK,c896c22e94b1050e3ebcb5b66d62b56e,483c8c686ac41fc344cac600ce53a62e5baa86e2,46834f10e6795c9e3e71ac2a992a2c0465953df0f3777194f9b871a81df82f96,(32) 8959-5945,https://randomuser.me/api/portraits/women/49.jpg,https://randomuser.me/api/portraits/med/women/49.jpg,https://randomuser.me/api/portraits/thumb/women/49.jpg
female,mrs,selma,nunes,selma.nunes@example.com,biggoose658,qazxsw,fdpEMqV0,6b17256c70ee2524fa8de0b6ddb16968,30b2eea8727e9ffc7668693fe8b83fdf1ba9be3e,852abc034eb2478815245a40ef35603d26447f758839a1b4be92599f4d78dd33,(51) 8101-9279,https://randomuser.me/api/portraits/women/47.jpg,https://randomuser.me/api/portraits/med/women/47.jpg,https://randomuser.me/api/portraits/thumb/women/47.jpg
male,mr,gualter,moura,gualter.moura@example.com,whitemeercat262,100000,lFQXJAyZ,ab6f39d4167fc6f15a266c9c53d97388,85cb98eb6a5e368f3dc93cf89b18540175a2cc51,35bee72d6540e82b633236fe600cbae227dd2d7e1ede67242ca5b6dfed858a44,(66) 2112-4266,https://randomuser.me/api/portraits/men/52.jpg,https://randomuser.me/api/portraits/med/men/52.jpg,https://randomuser.me/api/portraits/thumb/men/52.jpg
female,miss,benta,aragão,benta.aragão@example.com,yellowmouse756,mordor,znSNctUM,a958215e920f07cbd27984adeae65edf,b97086b350c6723f4ae9a8b2ab37a1e92a7297b6,67dbb97ece336dea5967c531739f9938e86148c82fbcde1179aebbb65208898b,(13) 7633-9558,https://randomuser.me/api/portraits/women/88.jpg,https://randomuser.me/api/portraits/med/women/88.jpg,https://randomuser.me/api/portraits/thumb/women/88.jpg
male,mr,adruzilo,lima,adruzilo.lima@example.com,blackgorilla558,downtown,h5eupTfP,7731c9956820600cd44bb13f8936102e,e05dbfbd754d8f6032ae84e7634b5f8973961ce9,b6f19eb3d2e50204561866dd6c9a4edf5e88c7d20fac5b97a82c855ae6b9d292,(94) 2656-8342,https://randomuser.me/api/portraits/men/22.jpg,https://randomuser.me/api/portraits/med/men/22.jpg,https://randomuser.me/api/portraits/thumb/men/22.jpg
female,miss,regiane,barbosa,regiane.barbosa@example.com,purplegorilla764,butthead,QzxKcgco,5a338b32967af7bd83fbc14af4e0c199,379b930721aac47504ea806db4cb86c6cb9d3145,7498f61d86ec569dad3805b21d47a1873b082b611d98c5f62aeeccdff5f4a0bd,(45) 3321-8252,https://randomuser.me/api/portraits/women/94.jpg,https://randomuser.me/api/portraits/med/women/94.jpg,https://randomuser.me/api/portraits/thumb/women/94.jpg
female,ms,eusébia,jesus,eusébia.jesus@example.com,browngorilla834,baylor,DDQiqERk,37279628cc4f7f4291a7cef95f99c2ee,87d7491aedafefa39fd9d568fecebb9ff4e26a5a,a4df415d615fcb5883d51ecc7d089bfa168dd7f6bee42d5ff8658e17cc8d964b,(75) 4212-6189,https://randomuser.me/api/portraits/women/13.jpg,https://randomuser.me/api/portraits/med/women/13.jpg,https://randomuser.me/api/portraits/thumb/women/13.jpg
