https://randomuser.me/api/portraits/women/87.jpg, /87.jpg, /87.jpg
https://randomuser.me/api/portraits/men/92.jpg, /92.jpg, /92.jpg
https://randomuser.me/api/portraits/women/72.jpg, /72.jpg, /72.jpg
https://randomuser.me/api/portraits/women/56.jpg, /56.jpg, /56.jpg
https://randomuser.me/api/portraits/women/12.jpg, /12.jpg, /12.jpg
https://randomuser.me/api/portraits/men/75.jpg, /75.jpg, /75.jpg
https://randomuser.me/api/portraits/men/22.jpg, /22.jpg, /22.jpg
https://randomuser.me/api/portraits/women/45.jpg, /45.jpg, /45.jpg
https://randomuser.me/api/portraits/women/96.jpg, /96.jpg, /96.jpg
https://randomuser.me/api/portraits/men/2.jpg, /2.jpg, /2.jpg
https://randomuser.me/api/portraits/women/66.jpg, /66.jpg, /66.jpg
https://randomuser.me/api/portraits/women/28.jpg, /28.jpg, /28.jpg
https://randomuser.me/api/portraits/women/63.jpg, /63.jpg, /63.jpg
https://randomuser.me/api/portraits/men/6.jpg, /6.jpg, /6.jpg
https://randomuser.me/api/portraits/women/87.jpg, /87.jpg, /87.jpg
https://randomuser.me/api/portraits/men/93.jpg, /93.jpg, /93.jpg
https://randomuser.me/api/portraits/men/70.jpg, /70.jpg, /70.jpg
https://randomuser.me/api/portraits/men/91.jpg, /91.jpg, /91.jpg
https://randomuser.me/api/portraits/women/64.jpg, /64.jpg, /64.jpg
https://randomuser.me/api/portraits/women/35.jpg, /35.jpg, /35.jpg
https://randomuser.me/api/portraits/men/59.jpg, /59.jpg, /59.jpg
https://randomuser.me/api/portraits/men/2.jpg, /2.jpg, /2.jpg
https://randomuser.me/api/portraits/women/30.jpg, /30.jpg, /30.jpg
https://randomuser.me/api/portraits/women/69.jpg, /69.jpg, /69.jpg
https://randomuser.me/api/portraits/men/90.jpg, /90.jpg, /90.jpg
https://randomuser.me/api/portraits/women/67.jpg, /67.jpg, /67.jpg
https://randomuser.me/api/portraits/men/34.jpg, /34.jpg, /34.jpg
https://randomuser.me/api/portraits/men/89.jpg, /89.jpg, /89.jpg
https://randomuser.me/api/portraits/men/95.jpg, /95.jpg, /95.jpg
https://randomuser.me/api/portraits/women/68.jpg, /68.jpg, /68.jpg
https://randomuser.me/api/portraits/men/1.jpg, /1.jpg, /1.jpg
https://randomuser.me/api/portraits/women/59.jpg, /59.jpg, /59.jpg
https://randomuser.me/api/portraits/men/1.jpg, /1.jpg, /1.jpg
https://randomuser.me/api/portraits/men/12.jpg, /12.jpg, /12.jpg
https://randomuser.me/api/portraits/women/31.jpg, /31.jpg, /31.jpg
https://randomuser.me/api/portraits/women/8.jpg, /8.jpg, /8.jpg
https://randomuser.me/api/portraits/men/66.jpg, /66.jpg, /66.jpg
https://randomuser.me/api/portraits/men/95.jpg, /95.jpg, /95.jpg
https://randomuser.me/api/portraits/women/62.jpg, /62.jpg, /62.jpg
https://randomuser.me/api/portraits/women/91.jpg, /91.jpg, /91.jpg
https://randomuser.me/api/portraits/women/61.jpg, /61.jpg, /61.jpg
https://randomuser.me/api/portraits/men/54.jpg, /54.jpg, /54.jpg
https://randomuser.me/api/portraits/men/99.jpg, /99.jpg, /99.jpg
https://randomuser.me/api/portraits/men/38.jpg, /38.jpg, /38.jpg
https://randomuser.me/api/portraits/women/78.jpg, /78.jpg, /78.jpg
https://randomuser.me/api/portraits/men/44.jpg, /44.jpg, /44.jpg
https://randomuser.me/api/portraits/women/78.jpg, /78.jpg, /78.jpg
https://randomuser.me/api/portraits/women/2.jpg, /2.jpg, /2.jpg
https://randomuser.me/api/portraits/women/79.jpg, /79.jpg, /79.jpg
https://randomuser.me/api/portraits/men/59.jpg, /59.jpg, /59.jpg
https://randomuser.me/api/portraits/men/37.jpg, /37.jpg, /37.jpg
https://randomuser.me/api/portraits/men/57.jpg, /57.jpg, /57.jpg
https://randomuser.me/api/portraits/men/89.jpg, /89.jpg, /89.jpg
https://randomuser.me/api/portraits/men/1.jpg, /1.jpg, /1.jpg
https://randomuser.me/api/portraits/women/11.jpg, /11.jpg, /11.jpg
https://randomuser.me/api/portraits/men/32.jpg, /32.jpg, /32.jpg
https://randomuser.me/api/portraits/men/72.jpg, /72.jpg, /72.jpg
https://randomuser.me/api/portraits/men/6.jpg, /6.jpg, /6.jpg
https://randomuser.me/api/portraits/men/75.jpg, /75.jpg, /75.jpg
https://randomuser.me/api/portraits/men/28.jpg, /28.jpg, /28.jpg
https://randomuser.me/api/portraits/women/54.jpg, /54.jpg, /54.jpg
https://randomuser.me/api/portraits/women/24.jpg, /24.jpg, /24.jpg
https://randomuser.me/api/portraits/women/38.jpg, /38.jpg, /38.jpg
https://randomuser.me/api/portraits/men/17.jpg, /17.jpg, /17.jpg
https://randomuser.me/api/portraits/women/4.jpg, /4.jpg, /4.jpg
https://randomuser.me/api/portraits/women/93.jpg, /93.jpg, /93.jpg
https://randomuser.me/api/portraits/women/54.jpg, /54.jpg, /54.jpg
https://randomuser.me/api/portraits/men/36.jpg, /36.jpg, /36.jpg
https://randomuser.me/api/portraits/women/21.jpg, /21.jpg, /21.jpg
https://randomuser.me/api/portraits/men/31.jpg, /31.jpg, /31.jpg
https://randomuser.me/api/portraits/women/83.jpg, /83.jpg, /83.jpg
https://randomuser.me/api/portraits/men/90.jpg, /90.jpg, /90.jpg
https://randomuser.me/api/portraits/men/40.jpg, /40.jpg, /40.jpg
https://randomuser.me/api/portraits/men/62.jpg, /62.jpg, /62.jpg
https://randomuser.me/api/portraits/women/53.jpg, /53.jpg, /53.jpg
https://randomuser.me/api/portraits/men/52.jpg, /52.jpg, /52.jpg
https://randomuser.me/api/portraits/men/79.jpg, /79.jpg, /79.jpg
https://randomuser.me/api/portraits/men/60.jpg, /60.jpg, /60.jpg
https://randomuser.me/api/portraits/women/44.jpg, /44.jpg, /44.jpg
https://randomuser.me/api/portraits/men/29.jpg, /29.jpg, /29.jpg
https://randomuser.me/api/portraits/men/0.jpg, /0.jpg, /0.jpg
https://randomuser.me/api/portraits/men/26.jpg, /26.jpg, /26.jpg
https://randomuser.me/api/portraits/women/34.jpg, /34.jpg, /34.jpg
https://randomuser.me/api/portraits/women/32.jpg, /32.jpg, /32.jpg
https://randomuser.me/api/portraits/women/69.jpg, /69.jpg, /69.jpg
https://randomuser.me/api/portraits/men/65.jpg, /65.jpg, /65.jpg
https://randomuser.me/api/portraits/men/80.jpg, /80.jpg, /80.jpg
https://randomuser.me/api/portraits/men/69.jpg, /69.jpg, /69.jpg
https://randomuser.me/api/portraits/women/58.jpg, /58.jpg, /58.jpg
https://randomuser.me/api/portraits/women/31.jpg, /31.jpg, /31.jpg
https://randomuser.me/api/portraits/men/84.jpg, /84.jpg, /84.jpg
https://randomuser.me/api/portraits/men/35.jpg, /35.jpg, /35.jpg
https://randomuser.me/api/portraits/men/40.jpg, /40.jpg, /40.jpg
https://randomuser.me/api/portraits/men/46.jpg, /46.jpg, /46.jpg
https://randomuser.me/api/portraits/men/18.jpg, /18.jpg, /18.jpg
https://randomuser.me/api/portraits/men/50.jpg, /50.jpg, /50.jpg
https://randomuser.me/api/portraits/women/75.jpg, /75.jpg, /75.jpg
https://randomuser.me/api/portraits/women/19.jpg, /19.jpg, /19.jpg
https://randomuser.me/api/portraits/women/49.jpg, /49.jpg, /49.jpg
https://randomuser.me/api/portraits/women/33.jpg, /33.jpg, /33.jpg
https://randomuser.me/api/portraits/women/2.jpg, /2.jpg, /2.jpg
https://randomuser.me/api/portraits/women/32.jpg, /32.jpg, /32.jpg
https://randomuser.me/api/portraits/women/62.jpg, /62.jpg, /62.jpg
https://randomuser.me/api/portraits/women/0.jpg, /0.jpg, /0.jpg
https://randomuser.me/api/portraits/women/6.jpg, /6.jpg, /6.jpg
https://randomuser.me/api/portraits/men/70.jpg, /70.jpg, /70.jpg
https://randomuser.me/api/portraits/women/61.jpg, /61.jpg, /61.jpg
https://randomuser.me/api/portraits/women/82.jpg, /82.jpg, /82.jpg
https://randomuser.me/api/portraits/women/73.jpg, /73.jpg, /73.jpg
https://randomuser.me/api/portraits/women/78.jpg, /78.jpg, /78.jpg
https://randomuser.me/api/portraits/men/78.jpg, /78.jpg, /78.jpg
https://randomuser.me/api/portraits/men/53.jpg, /53.jpg, /53.jpg
https://randomuser.me/api/portraits/men/1.jpg, /1.jpg, /1.jpg
https://randomuser.me/api/portraits/women/48.jpg, /48.jpg, /48.jpg
https://randomuser.me/api/portraits/women/65.jpg, /65.jpg, /65.jpg
https://randomuser.me/api/portraits/men/59.jpg, /59.jpg, /59.jpg
https://randomuser.me/api/portraits/women/23.jpg, /23.jpg, /23.jpg
https://randomuser.me/api/portraits/women/96.jpg, /96.jpg, /96.jpg
https://randomuser.me/api/portraits/women/75.jpg, /75.jpg, /75.jpg
https://randomuser.me/api/portraits/men/10.jpg, /10.jpg, /10.jpg
https://randomuser.me/api/portraits/women/14.jpg, /14.jpg, /14.jpg
https://randomuser.me/api/portraits/women/90.jpg, /90.jpg, /90.jpg
https://randomuser.me/api/portraits/women/61.jpg, /61.jpg, /61.jpg
https://randomuser.me/api/portraits/women/77.jpg, /77.jpg, /77.jpg
https://randomuser.me/api/portraits/men/16.jpg, /16.jpg, /16.jpg
https://randomuser.me/api/portraits/women/77.jpg, /77.jpg, /77.jpg
https://randomuser.me/api/portraits/women/66.jpg, /66.jpg, /66.jpg
https://randomuser.me/api/portraits/men/45.jpg, /45.jpg, /45.jpg
https://randomuser.me/api/portraits/women/14.jpg, /14.jpg, /14.jpg
https://randomuser.me/api/portraits/men/87.jpg, /87.jpg, /87.jpg
https://randomuser.me/api/portraits/women/73.jpg, /73.jpg, /73.jpg
https://randomuser.me/api/portraits/women/93.jpg, /93.jpg, /93.jpg
https://randomuser.me/api/portraits/men/81.jpg, /81.jpg, /81.jpg
https://randomuser.me/api/portraits/men/6.jpg, /6.jpg, /6.jpg
https://randomuser.me/api/portraits/men/3.jpg, /3.jpg, /3.jpg
https://randomuser.me/api/portraits/women/30.jpg, /30.jpg, /30.jpg
https://randomuser.me/api/portraits/men/30.jpg, /30.jpg, /30.jpg
https://randomuser.me/api/portraits/men/94.jpg, /94.jpg, /94.jpg
https://randomuser.me/api/portraits/women/19.jpg, /19.jpg, /19.jpg
https://randomuser.me/api/portraits/women/63.jpg, /63.jpg, /63.jpg
https://randomuser.me/api/portraits/men/32.jpg, /32.jpg, /32.jpg
https://randomuser.me/api/portraits/men/67.jpg, /67.jpg, /67.jpg
https://randomuser.me/api/portraits/women/31.jpg, /31.jpg, /31.jpg
https://randomuser.me/api/portraits/women/91.jpg, /91.jpg, /91.jpg
https://randomuser.me/api/portraits/women/15.jpg, /15.jpg, /15.jpg
https://randomuser.me/api/portraits/men/43.jpg, /43.jpg, /43.jpg
https://randomuser.me/api/portraits/men/36.jpg, /36.jpg, /36.jpg
https://randomuser.me/api/portraits/women/53.jpg, /53.jpg, /53.jpg
https://randomuser.me/api/portraits/women/41.jpg, /41.jpg, /41.jpg
https://randomuser.me/api/portraits/women/67.jpg, /67.jpg, /67.jpg
https://randomuser.me/api/portraits/women/28.jpg, /28.jpg, /28.jpg
https://randomuser.me/api/portraits/women/92.jpg, /92.jpg, /92.jpg
https://randomuser.me/api/portraits/women/15.jpg, /15.jpg, /15.jpg
https://randomuser.me/api/portraits/women/51.jpg, /51.jpg, /51.jpg
https://randomuser.me/api/portraits/women/18.jpg, /18.jpg, /18.jpg
https://randomuser.me/api/portraits/men/50.jpg, /50.jpg, /50.jpg
https://randomuser.me/api/portraits/women/41.jpg, /41.jpg, /41.jpg
https://randomuser.me/api/portraits/men/50.jpg, /50.jpg, /50.jpg
https://randomuser.me/api/portraits/women/71.jpg, /71.jpg, /71.jpg
https://randomuser.me/api/portraits/women/83.jpg, /83.jpg, /83.jpg
https://randomuser.me/api/portraits/men/74.jpg, /74.jpg, /74.jpg
https://randomuser.me/api/portraits/women/25.jpg, /25.jpg, /25.jpg
https://randomuser.me/api/portraits/women/43.jpg, /43.jpg, /43.jpg
https://randomuser.me/api/portraits/men/16.jpg, /16.jpg, /16.jpg
https://randomuser.me/api/portraits/men/75.jpg, /75.jpg, /75.jpg
https://randomuser.me/api/portraits/women/41.jpg, /41.jpg, /41.jpg
https://randomuser.me/api/portraits/women/40.jpg, /40.jpg, /40.jpg
https://randomuser.me/api/portraits/men/31.jpg, /31.jpg, /31.jpg
https://randomuser.me/api/portraits/women/66.jpg, /66.jpg, /66.jpg
https://randomuser.me/api/portraits/men/15.jpg, /15.jpg, /15.jpg
https://randomuser.me/api/portraits/men/68.jpg, /68.jpg, /68.jpg
https://randomuser.me/api/portraits/women/58.jpg, /58.jpg, /58.jpg
https://randomuser.me/api/portraits/men/60.jpg, /60.jpg, /60.jpg
https://randomuser.me/api/portraits/men/66.jpg, /66.jpg, /66.jpg
https://randomuser.me/api/portraits/men/56.jpg, /56.jpg, /56.jpg
https://randomuser.me/api/portraits/men/21.jpg, /21.jpg, /21.jpg
https://randomuser.me/api/portraits/men/93.jpg, /93.jpg, /93.jpg
https://randomuser.me/api/portraits/women/81.jpg, /81.jpg, /81.jpg
https://randomuser.me/api/portraits/women/53.jpg, /53.jpg, /53.jpg
https://randomuser.me/api/portraits/men/83.jpg, /83.jpg, /83.jpg
https://randomuser.me/api/portraits/women/69.jpg, /69.jpg, /69.jpg
https://randomuser.me/api/portraits/men/43.jpg, /43.jpg, /43.jpg
https://randomuser.me/api/portraits/men/59.jpg, /59.jpg, /59.jpg
https://randomuser.me/api/portraits/men/59.jpg, /59.jpg, /59.jpg
https://randomuser.me/api/portraits/men/16.jpg, /16.jpg, /16.jpg
https://randomuser.me/api/portraits/women/96.jpg, /96.jpg, /96.jpg
https://randomuser.me/api/portraits/men/7.jpg, /7.jpg, /7.jpg
https://randomuser.me/api/portraits/women/57.jpg, /57.jpg, /57.jpg
https://randomuser.me/api/portraits/men/36.jpg, /36.jpg, /36.jpg
https://randomuser.me/api/portraits/men/34.jpg, /34.jpg, /34.jpg
https://randomuser.me/api/portraits/men/9.jpg, /9.jpg, /9.jpg
https://randomuser.me/api/portraits/women/62.jpg, /62.jpg, /62.jpg
https://randomuser.me/api/portraits/men/25.jpg, /25.jpg, /25.jpg
https://randomuser.me/api/portraits/women/96.jpg, /96.jpg, /96.jpg
https://randomuser.me/api/portraits/women/94.jpg, /94.jpg, /94.jpg
https://randomuser.me/api/portraits/men/59.jpg, /59.jpg, /59.jpg
https://randomuser.me/api/portraits/women/62.jpg, /62.jpg, /62.jpg
https://randomuser.me/api/portraits/men/66.jpg, /66.jpg, /66.jpg
https://randomuser.me/api/portraits/women/72.jpg, /72.jpg, /72.jpg
https://randomuser.me/api/portraits/men/96.jpg, /96.jpg, /96.jpg
https://randomuser.me/api/portraits/women/92.jpg, /92.jpg, /92.jpg
https://randomuser.me/api/portraits/men/58.jpg, /58.jpg, /58.jpg
https://randomuser.me/api/portraits/men/15.jpg, /15.jpg, /15.jpg
https://randomuser.me/api/portraits/women/85.jpg, /85.jpg, /85.jpg
https://randomuser.me/api/portraits/men/81.jpg, /81.jpg, /81.jpg
https://randomuser.me/api/portraits/men/15.jpg, /15.jpg, /15.jpg
https://randomuser.me/api/portraits/women/39.jpg, /39.jpg, /39.jpg
https://randomuser.me/api/portraits/men/84.jpg, /84.jpg, /84.jpg
https://randomuser.me/api/portraits/women/45.jpg, /45.jpg, /45.jpg
https://randomuser.me/api/portraits/men/69.jpg, /69.jpg, /69.jpg
https://randomuser.me/api/portraits/men/12.jpg, /12.jpg, /12.jpg
https://randomuser.me/api/portraits/men/52.jpg, /52.jpg, /52.jpg
https://randomuser.me/api/portraits/men/64.jpg, /64.jpg, /64.jpg
https://randomuser.me/api/portraits/women/89.jpg, /89.jpg, /89.jpg
https://randomuser.me/api/portraits/men/80.jpg, /80.jpg, /80.jpg
https://randomuser.me/api/portraits/women/48.jpg, /48.jpg, /48.jpg
https://randomuser.me/api/portraits/men/26.jpg, /26.jpg, /26.jpg
https://randomuser.me/api/portraits/men/0.jpg, /0.jpg, /0.jpg
https://randomuser.me/api/portraits/men/85.jpg, /85.jpg, /85.jpg
https://randomuser.me/api/portraits/women/85.jpg, /85.jpg, /85.jpg
https://randomuser.me/api/portraits/women/24.jpg, /24.jpg, /24.jpg
https://randomuser.me/api/portraits/men/76.jpg, /76.jpg, /76.jpg
https://randomuser.me/api/portraits/men/64.jpg, /64.jpg, /64.jpg
https://randomuser.me/api/portraits/men/4.jpg, /4.jpg, /4.jpg
https://randomuser.me/api/portraits/men/83.jpg, /83.jpg, /83.jpg
https://randomuser.me/api/portraits/men/88.jpg, /88.jpg, /88.jpg
https://randomuser.me/api/portraits/women/40.jpg, /40.jpg, /40.jpg
https://randomuser.me/api/portraits/women/76.jpg, /76.jpg, /76.jpg
https://randomuser.me/api/portraits/women/16.jpg, /16.jpg, /16.jpg
https://randomuser.me/api/portraits/women/57.jpg, /57.jpg, /57.jpg
https://randomuser.me/api/portraits/men/62.jpg, /62.jpg, /62.jpg
https://randomuser.me/api/portraits/men/41.jpg, /41.jpg, /41.jpg
https://randomuser.me/api/portraits/women/30.jpg, /30.jpg, /30.jpg
https://randomuser.me/api/portraits/men/37.jpg, /37.jpg, /37.jpg
https://randomuser.me/api/portraits/women/83.jpg, /83.jpg, /83.jpg
https://randomuser.me/api/portraits/men/57.jpg, /57.jpg, /57.jpg
https://randomuser.me/api/portraits/women/27.jpg, /27.jpg, /27.jpg
https://randomuser.me/api/portraits/women/32.jpg, /32.jpg, /32.jpg
https://randomuser.me/api/portraits/women/43.jpg, /43.jpg, /43.jpg
https://randomuser.me/api/portraits/women/10.jpg, /10.jpg, /10.jpg
https://randomuser.me/api/portraits/men/33.jpg, /33.jpg, /33.jpg
https://randomuser.me/api/portraits/men/27.jpg, /27.jpg, /27.jpg
https://randomuser.me/api/portraits/women/57.jpg, /57.jpg, /57.jpg
https://randomuser.me/api/portraits/men/52.jpg, /52.jpg, /52.jpg
https://randomuser.me/api/portraits/men/90.jpg, /90.jpg, /90.jpg
https://randomuser.me/api/portraits/men/86.jpg, /86.jpg, /86.jpg
https://randomuser.me/api/portraits/women/3.jpg, /3.jpg, /3.jpg
https://randomuser.me/api/portraits/women/10.jpg, /10.jpg, /10.jpg
https://randomuser.me/api/portraits/men/81.jpg, /81.jpg, /81.jpg
https://randomuser.me/api/portraits/men/50.jpg, /50.jpg, /50.jpg
https://randomuser.me/api/portraits/men/61.jpg, /61.jpg, /61.jpg
https://randomuser.me/api/portraits/women/35.jpg, /35.jpg, /35.jpg
https://randomuser.me/api/portraits/women/45.jpg, /45.jpg, /45.jpg
https://randomuser.me/api/portraits/women/39.jpg, /39.jpg, /39.jpg
https://randomuser.me/api/portraits/women/61.jpg, /61.jpg, /61.jpg
https://randomuser.me/api/portraits/men/37.jpg, /37.jpg, /37.jpg
https://randomuser.me/api/portraits/women/65.jpg, /65.jpg, /65.jpg
https://randomuser.me/api/portraits/women/22.jpg, /22.jpg, /22.jpg
https://randomuser.me/api/portraits/women/15.jpg, /15.jpg, /15.jpg
https://randomuser.me/api/portraits/men/74.jpg, /74.jpg, /74.jpg
https://randomuser.me/api/portraits/women/89.jpg, /89.jpg, /89.jpg
https://randomuser.me/api/portraits/men/89.jpg, /89.jpg, /89.jpg
https://randomuser.me/api/portraits/women/36.jpg, /36.jpg, /36.jpg
https://randomuser.me/api/portraits/women/5.jpg, /5.jpg, /5.jpg
https://randomuser.me/api/portraits/men/27.jpg, /27.jpg, /27.jpg
https://randomuser.me/api/portraits/women/72.jpg, /72.jpg, /72.jpg
https://randomuser.me/api/portraits/women/9.jpg, /9.jpg, /9.jpg
https://randomuser.me/api/portraits/men/22.jpg, /22.jpg, /22.jpg
https://randomuser.me/api/portraits/men/5.jpg, /5.jpg, /5.jpg
https://randomuser.me/api/portraits/women/57.jpg, /57.jpg, /57.jpg
https://randomuser.me/api/portraits/women/81.jpg, /81.jpg, /81.jpg
https://randomuser.me/api/portraits/women/10.jpg, /10.jpg, /10.jpg
https://randomuser.me/api/portraits/women/30.jpg, /30.jpg, /30.jpg
https://randomuser.me/api/portraits/men/56.jpg, /56.jpg, /56.jpg
https://randomuser.me/api/portraits/women/14.jpg, /14.jpg, /14.jpg
https://randomuser.me/api/portraits/women/20.jpg, /20.jpg, /20.jpg
https://randomuser.me/api/portraits/women/34.jpg, /34.jpg, /34.jpg
https://randomuser.me/api/portraits/men/45.jpg, /45.jpg, /45.jpg
https://randomuser.me/api/portraits/men/96.jpg, /96.jpg, /96.jpg
https://randomuser.me/api/portraits/women/54.jpg, /54.jpg, /54.jpg
https://randomuser.me/api/portraits/men/44.jpg, /44.jpg, /44.jpg
https://randomuser.me/api/portraits/women/89.jpg, /89.jpg, /89.jpg
https://randomuser.me/api/portraits/men/69.jpg, /69.jpg, /69.jpg
https://randomuser.me/api/portraits/women/94.jpg, /94.jpg, /94.jpg
https://randomuser.me/api/portraits/women/17.jpg, /17.jpg, /17.jpg
https://randomuser.me/api/portraits/men/8.jpg, /8.jpg, /8.jpg
https://randomuser.me/api/portraits/men/70.jpg, /70.jpg, /70.jpg
https://randomuser.me/api/portraits/women/33.jpg, /33.jpg, /33.jpg
https://randomuser.me/api/portraits/men/2.jpg, /2.jpg, /2.jpg
https://randomuser.me/api/portraits/men/58.jpg, /58.jpg, /58.jpg
https://randomuser.me/api/portraits/women/52.jpg, /52.jpg, /52.jpg
https://randomuser.me/api/portraits/men/46.jpg, /46.jpg, /46.jpg
https://randomuser.me/api/portraits/men/47.jpg, /47.jpg, /47.jpg
https://randomuser.me/api/portraits/men/82.jpg, /82.jpg, /82.jpg
https://randomuser.me/api/portraits/women/59.jpg, /59.jpg, /59.jpg
https://randomuser.me/api/portraits/women/41.jpg, /41.jpg, /41.jpg
https://randomuser.me/api/portraits/men/0.jpg, /0.jpg, /0.jpg
https://randomuser.me/api/portraits/women/78.jpg, /78.jpg, /78.jpg
https://randomuser.me/api/portraits/women/9.jpg, /9.jpg, /9.jpg
https://randomuser.me/api/portraits/women/31.jpg, /31.jpg, /31.jpg
https://randomuser.me/api/portraits/women/11.jpg, /11.jpg, /11.jpg
https://randomuser.me/api/portraits/men/57.jpg, /57.jpg, /57.jpg
https://randomuser.me/api/portraits/women/77.jpg, /77.jpg, /77.jpg
https://randomuser.me/api/portraits/women/92.jpg, /92.jpg, /92.jpg
https://randomuser.me/api/portraits/men/76.jpg, /76.jpg, /76.jpg
https://randomuser.me/api/portraits/men/12.jpg, /12.jpg, /12.jpg
https://randomuser.me/api/portraits/men/77.jpg, /77.jpg, /77.jpg
https://randomuser.me/api/portraits/women/56.jpg, /56.jpg, /56.jpg
https://randomuser.me/api/portraits/women/30.jpg, /30.jpg, /30.jpg
https://randomuser.me/api/portraits/men/1.jpg, /1.jpg, /1.jpg
https://randomuser.me/api/portraits/women/34.jpg, /34.jpg, /34.jpg
https://randomuser.me/api/portraits/men/82.jpg, /82.jpg, /82.jpg
https://randomuser.me/api/portraits/women/0.jpg, /0.jpg, /0.jpg
https://randomuser.me/api/portraits/men/47.jpg, /47.jpg, /47.jpg
https://randomuser.me/api/portraits/women/40.jpg, /40.jpg, /40.jpg
https://randomuser.me/api/portraits/women/88.jpg, /88.jpg, /88.jpg
https://randomuser.me/api/portraits/women/62.jpg, /62.jpg, /62.jpg
https://randomuser.me/api/portraits/men/37.jpg, /37.jpg, /37.jpg
https://randomuser.me/api/portraits/men/39.jpg, /39.jpg, /39.jpg
https://randomuser.me/api/portraits/men/20.jpg, /20.jpg, /20.jpg
https://randomuser.me/api/portraits/women/32.jpg, /32.jpg, /32.jpg
https://randomuser.me/api/portraits/women/33.jpg, /33.jpg, /33.jpg
https://randomuser.me/api/portraits/women/13.jpg, /13.jpg, /13.jpg
https://randomuser.me/api/portraits/men/37.jpg, /37.jpg, /37.jpg
https://randomuser.me/api/portraits/women/46.jpg, /46.jpg, /46.jpg
https://randomuser.me/api/portraits/women/96.jpg, /96.jpg, /96.jpg
https://randomuser.me/api/portraits/men/75.jpg, /75.jpg, /75.jpg
https://randomuser.me/api/portraits/women/64.jpg, /64.jpg, /64.jpg
https://randomuser.me/api/portraits/women/12.jpg, /12.jpg, /12.jpg
https://randomuser.me/api/portraits/men/1.jpg, /1.jpg, /1.jpg
https://randomuser.me/api/portraits/men/28.jpg, /28.jpg, /28.jpg
https://randomuser.me/api/portraits/men/46.jpg, /46.jpg, /46.jpg
https://randomuser.me/api/portraits/men/5.jpg, /5.jpg, /5.jpg
https://randomuser.me/api/portraits/men/63.jpg, /63.jpg, /63.jpg
https://randomuser.me/api/portraits/women/15.jpg, /15.jpg, /15.jpg
https://randomuser.me/api/portraits/women/52.jpg, /52.jpg, /52.jpg
https://randomuser.me/api/portraits/women/52.jpg, /52.jpg, /52.jpg
https://randomuser.me/api/portraits/men/87.jpg, /87.jpg, /87.jpg
https://randomuser.me/api/portraits/women/4.jpg, /4.jpg, /4.jpg
https://randomuser.me/api/portraits/women/58.jpg, /58.jpg, /58.jpg
https://randomuser.me/api/portraits/men/23.jpg, /23.jpg, /23.jpg
https://randomuser.me/api/portraits/men/52.jpg, /52.jpg, /52.jpg
https://randomuser.me/api/portraits/women/83.jpg, /83.jpg, /83.jpg
https://randomuser.me/api/portraits/women/45.jpg, /45.jpg, /45.jpg
https://randomuser.me/api/portraits/men/26.jpg, /26.jpg, /26.jpg
https://randomuser.me/api/portraits/women/74.jpg, /74.jpg, /74.jpg
https://randomuser.me/api/portraits/men/0.jpg, /0.jpg, /0.jpg
https://randomuser.me/api/portraits/women/92.jpg, /92.jpg, /92.jpg
https://randomuser.me/api/portraits/men/69.jpg, /69.jpg, /69.jpg
https://randomuser.me/api/portraits/women/21.jpg, /21.jpg, /21.jpg
https://randomuser.me/api/portraits/women/33.jpg, /33.jpg, /33.jpg
https://randomuser.me/api/portraits/men/25.jpg, /25.jpg, /25.jpg
https://randomuser.me/api/portraits/men/27.jpg, /27.jpg, /27.jpg
https://randomuser.me/api/portraits/men/13.jpg, /13.jpg, /13.jpg
https://randomuser.me/api/portraits/men/62.jpg, /62.jpg, /62.jpg
https://randomuser.me/api/portraits/women/37.jpg, /37.jpg, /37.jpg
https://randomuser.me/api/portraits/women/73.jpg, /73.jpg, /73.jpg
https://randomuser.me/api/portraits/men/90.jpg, /90.jpg, /90.jpg
https://randomuser.me/api/portraits/women/68.jpg, /68.jpg, /68.jpg
https://randomuser.me/api/portraits/women/49.jpg, /49.jpg, /49.jpg
https://randomuser.me/api/portraits/men/83.jpg, /83.jpg, /83.jpg
https://randomuser.me/api/portraits/women/57.jpg, /57.jpg, /57.jpg
https://randomuser.me/api/portraits/women/82.jpg, /82.jpg, /82.jpg
https://randomuser.me/api/portraits/men/41.jpg, /41.jpg, /41.jpg
https://randomuser.me/api/portraits/men/73.jpg, /73.jpg, /73.jpg
https://randomuser.me/api/portraits/men/28.jpg, /28.jpg, /28.jpg
https://randomuser.me/api/portraits/women/43.jpg, /43.jpg, /43.jpg
https://randomuser.me/api/portraits/women/76.jpg, /76.jpg, /76.jpg
https://randomuser.me/api/portraits/women/48.jpg, /48.jpg, /48.jpg
https://randomuser.me/api/portraits/women/17.jpg, /17.jpg, /17.jpg
https://randomuser.me/api/portraits/men/70.jpg, /70.jpg, /70.jpg
https://randomuser.me/api/portraits/men/22.jpg, /22.jpg, /22.jpg
https://randomuser.me/api/portraits/women/43.jpg, /43.jpg, /43.jpg
https://randomuser.me/api/portraits/men/37.jpg, /37.jpg, /37.jpg
https://randomuser.me/api/portraits/men/89.jpg, /89.jpg, /89.jpg
https://randomuser.me/api/portraits/women/55.jpg, /55.jpg, /55.jpg
https://randomuser.me/api/portraits/men/0.jpg, /0.jpg, /0.jpg
https://randomuser.me/api/portraits/women/17.jpg, /17.jpg, /17.jpg
https://randomuser.me/api/portraits/women/70.jpg, /70.jpg, /70.jpg
https://randomuser.me/api/portraits/men/76.jpg, /76.jpg, /76.jpg
https://randomuser.me/api/portraits/men/83.jpg, /83.jpg, /83.jpg
https://randomuser.me/api/portraits/women/76.jpg, /76.jpg, /76.jpg
https://randomuser.me/api/portraits/men/60.jpg, /60.jpg, /60.jpg
https://randomuser.me/api/portraits/women/12.jpg, /12.jpg, /12.jpg
https://randomuser.me/api/portraits/women/9.jpg, /9.jpg, /9.jpg
https://randomuser.me/api/portraits/men/19.jpg, /19.jpg, /19.jpg
https://randomuser.me/api/portraits/men/39.jpg, /39.jpg, /39.jpg
https://randomuser.me/api/portraits/men/24.jpg, /24.jpg, /24.jpg
https://randomuser.me/api/portraits/women/63.jpg, /63.jpg, /63.jpg
https://randomuser.me/api/portraits/women/26.jpg, /26.jpg, /26.jpg
https://randomuser.me/api/portraits/men/82.jpg, /82.jpg, /82.jpg
https://randomuser.me/api/portraits/men/74.jpg, /74.jpg, /74.jpg
https://randomuser.me/api/portraits/men/19.jpg, /19.jpg, /19.jpg
https://randomuser.me/api/portraits/men/70.jpg, /70.jpg, /70.jpg
https://randomuser.me/api/portraits/men/34.jpg, /34.jpg, /34.jpg
https://randomuser.me/api/portraits/men/94.jpg, /94.jpg, /94.jpg
https://randomuser.me/api/portraits/men/38.jpg, /38.jpg, /38.jpg
https://randomuser.me/api/portraits/men/51.jpg, /51.jpg, /51.jpg
https://randomuser.me/api/portraits/women/87.jpg, /87.jpg, /87.jpg
https://randomuser.me/api/portraits/men/94.jpg, /94.jpg, /94.jpg
