Luxuoso,Hatch,preto
Confortavel,Perua/Van,amarelo
Luxuoso,Perua/Van,vermelho
Confortavel,Perua/Van,amarelo
Confortavel,Hatch,branco
Confortavel,Hatch,vermelho
Luxuoso,Perua/Van,verde
Luxuoso,Hatch,prata
Basico,Perua/Van,prata
Luxuoso,Sedan,branco
Basico,SUV,preto
Basico,Hatch,prata
Luxuoso,Hatch,vermelho
Confortavel,Perua/Van,amarelo
Basico,SUV,prata
Confortavel,Hatch,azul
Luxuoso,SUV,preto
Confortavel,Hatch,preto
Basico,SUV,azul
Basico,SUV,vermelho
Basico,Sedan,branco
Luxuoso,Sedan,branco
Basico,Sedan,prata
Basico,Perua/Van,prata
Confortavel,Sedan,amarelo
Confortavel,SUV,amarelo
Basico,SUV,branco
Confortavel,Hatch,verde
Luxuoso,Sedan,preto
Confortavel,SUV,azul
Luxuoso,Sedan,verde
Basico,Sedan,verde
Luxuoso,Sedan,vermelho
Basico,Hatch,vermelho
Basico,Sedan,branco
Confortavel,Perua/Van,verde
Basico,Sedan,preto
Basico,Hatch,branco
Basico,Hatch,verde
Confortavel,SUV,prata
Basico,Hatch,preto
Luxuoso,Sedan,amarelo
Basico,Sedan,prata
Basico,Perua/Van,azul
Confortavel,Sedan,branco
Luxuoso,Perua/Van,prata
Basico,Perua/Van,vermelho
Basico,SUV,branco
Basico,Sedan,amarelo
Basico,SUV,verde
Luxuoso,Perua/Van,amarelo
Confortavel,Sedan,amarelo
Basico,Perua/Van,vermelho
Confortavel,SUV,preto
Confortavel,Hatch,preto
Luxuoso,Sedan,branco
Luxuoso,SUV,branco
Luxuoso,Perua/Van,prata
Confortavel,Sedan,prata
Basico,Hatch,vermelho
Luxuoso,Sedan,amarelo
Confortavel,SUV,amarelo
Basico,SUV,vermelho
Luxuoso,Sedan,branco
Basico,Hatch,prata
Luxuoso,SUV,azul
Basico,Perua/Van,preto
Luxuoso,Perua/Van,verde
Basico,SUV,amarelo
Confortavel,Hatch,vermelho
Confortavel,Perua/Van,amarelo
Luxuoso,SUV,amarelo
Confortavel,Sedan,amarelo
Luxuoso,SUV,amarelo
Luxuoso,SUV,preto
Luxuoso,Perua/Van,azul
Confortavel,Sedan,vermelho
Luxuoso,Perua/Van,branco
Basico,Sedan,verde
Luxuoso,SUV,prata
Confortavel,Hatch,vermelho
Basico,SUV,prata
Luxuoso,SUV,vermelho
Luxuoso,Hatch,verde
Basico,Hatch,preto
Luxuoso,Hatch,azul
Luxuoso,Sedan,branco
Luxuoso,Perua/Van,azul
Confortavel,Perua/Van,verde
Confortavel,Hatch,branco
Confortavel,SUV,branco
Confortavel,Perua/Van,branco
Confortavel,Hatch,branco
Luxuoso,Sedan,branco
Luxuoso,Sedan,preto
Confortavel,Hatch,prata
Luxuoso,Sedan,verde
Luxuoso,Sedan,prata
Basico,Hatch,amarelo
Confortavel,Hatch,verde